{"cameraMode":{"drawMode":0,"name":"Shaded","section":"Shading Mode"},"sceneLighting":false,"audioPlay":false,"sceneViewState":{"m_AlwaysRefresh":false,"showFog":true,"showSkybox":false,"showFlares":true,"showImageEffects":true,"showParticleSystems":true,"showVisualEffectGraphs":true,"m_FxEnabled":true},"in2DMode":false,"pivot":{"x":-0.0718827098608017,"y":-0.26723533868789675,"z":0.004957020282745361},"rotation":{"x":0.06483180075883866,"y":-0.7210301756858826,"z":-0.06609177589416504,"w":-0.6869142651557922},"size":1.025892734527588,"orthographic":false}