{"cameraMode":{"drawMode":0,"name":"Shaded","section":"Shading Mode"},"sceneLighting":false,"audioPlay":false,"sceneViewState":{"m_AlwaysRefresh":false,"showFog":true,"showSkybox":false,"showFlares":true,"showImageEffects":true,"showParticleSystems":true,"showVisualEffectGraphs":true,"m_FxEnabled":true},"in2DMode":false,"pivot":{"x":-0.12063899636268616,"y":1.2531956434249879,"z":-1.7186508178710938},"rotation":{"x":0.08312352001667023,"y":0.7195878028869629,"z":-0.08906708657741547,"w":0.6838564276695252},"size":1.7171716690063477,"orthographic":false}