{"cameraMode":{"drawMode":0,"name":"Shaded","section":"Shading Mode"},"sceneLighting":false,"audioPlay":false,"sceneViewState":{"m_AlwaysRefresh":false,"showFog":true,"showSkybox":false,"showFlares":true,"showImageEffects":true,"showParticleSystems":true,"showVisualEffectGraphs":true,"m_FxEnabled":true},"in2DMode":false,"pivot":{"x":-0.7270486354827881,"y":0.0356825590133667,"z":0.08594340085983277},"rotation":{"x":-0.08181197196245194,"y":-0.6085193753242493,"z":0.06313035637140274,"w":-0.7869260907173157},"size":1.529457688331604,"orthographic":false}