{"cameraMode":{"drawMode":0,"name":"Shaded","section":"Shading Mode"},"sceneLighting":false,"audioPlay":false,"sceneViewState":{"m_AlwaysRefresh":false,"showFog":true,"showSkybox":false,"showFlares":true,"showImageEffects":true,"showParticleSystems":true,"showVisualEffectGraphs":true,"m_FxEnabled":true},"in2DMode":false,"pivot":{"x":-0.2599785625934601,"y":-0.24474447965621949,"z":-0.7227327227592468},"rotation":{"x":-0.06741116940975189,"y":0.7076398134231567,"z":-0.06814287602901459,"w":-0.7000411748886108},"size":1.7804417610168458,"orthographic":true}