{"cameraMode":{"drawMode":0,"name":"Shaded","section":"Shading Mode"},"sceneLighting":false,"audioPlay":false,"sceneViewState":{"m_AlwaysRefresh":false,"showFog":true,"showSkybox":false,"showFlares":true,"showImageEffects":true,"showParticleSystems":true,"showVisualEffectGraphs":true,"m_FxEnabled":true},"in2DMode":false,"pivot":{"x":-0.2599785625934601,"y":-0.24474447965621949,"z":-0.7227327227592468},"rotation":{"x":0.047255996614694598,"y":0.6710127592086792,"z":-0.042949579656124118,"w":0.7387160658836365},"size":2.053023338317871,"orthographic":true}