{"cameraMode":{"drawMode":0,"name":"Shaded","section":"Shading Mode"},"sceneLighting":false,"audioPlay":false,"sceneViewState":{"m_AlwaysRefresh":false,"showFog":true,"showSkybox":false,"showFlares":true,"showImageEffects":true,"showParticleSystems":true,"showVisualEffectGraphs":true,"m_FxEnabled":true},"in2DMode":false,"pivot":{"x":-0.2599785625934601,"y":-0.24474447965621949,"z":-0.7227327227592468},"rotation":{"x":0.0019528904231265188,"y":0.995120644569397,"z":-0.09673042595386505,"w":0.020291054621338846},"size":2.053023338317871,"orthographic":true}