{"cameraMode":{"drawMode":0,"name":"Shaded","section":"Shading Mode"},"sceneLighting":true,"audioPlay":false,"sceneViewState":{"m_AlwaysRefresh":false,"showFog":true,"showSkybox":true,"showFlares":true,"showImageEffects":true,"showParticleSystems":true,"showVisualEffectGraphs":true,"m_FxEnabled":true},"in2DMode":false,"pivot":{"x":-2.799999952316284,"y":0.8000000715255737,"z":0.19999998807907105},"rotation":{"x":-0.16404977440834046,"y":0.07744593173265457,"z":-0.012920458801090718,"w":-0.9833223819732666},"size":0.9246621131896973,"orthographic":false}