{"cameraMode":{"drawMode":0,"name":"Shaded","section":"Shading Mode"},"sceneLighting":false,"audioPlay":false,"sceneViewState":{"m_AlwaysRefresh":false,"showFog":true,"showSkybox":false,"showFlares":true,"showImageEffects":true,"showParticleSystems":true,"showVisualEffectGraphs":true,"m_FxEnabled":true},"in2DMode":false,"pivot":{"x":-0.09392446279525757,"y":1.2701956033706666,"z":0.19109493494033814},"rotation":{"x":0.12120167911052704,"y":0.5975106358528137,"z":-0.09293938428163529,"w":0.7873631715774536},"size":1.1284379959106446,"orthographic":false}