{"cameraMode":{"drawMode":0,"name":"Shaded","section":"Shading Mode"},"sceneLighting":true,"audioPlay":false,"sceneViewState":{"m_AlwaysRefresh":false,"showFog":true,"showSkybox":true,"showFlares":true,"showImageEffects":true,"showParticleSystems":true,"showVisualEffectGraphs":true,"m_FxEnabled":true},"in2DMode":false,"pivot":{"x":2.8411645889282228,"y":1.4199999570846558,"z":0.20000015199184419},"rotation":{"x":-0.16303502023220063,"y":-0.1459420770406723,"z":0.024379290640354158,"w":-0.9754820466041565},"size":2.593449592590332,"orthographic":false}