{"cameraMode":{"drawMode":0,"name":"Shaded","section":"Shading Mode"},"sceneLighting":false,"audioPlay":false,"sceneViewState":{"m_AlwaysRefresh":false,"showFog":true,"showSkybox":false,"showFlares":true,"showImageEffects":true,"showParticleSystems":true,"showVisualEffectGraphs":true,"m_FxEnabled":true},"in2DMode":false,"pivot":{"x":-1.9600000381469727,"y":4.179999828338623,"z":3.559999942779541},"rotation":{"x":-0.16404977440834046,"y":0.07744593173265457,"z":-0.012920458801090718,"w":-0.9833223819732666},"size":1.0842629671096802,"orthographic":false}