{"cameraMode":{"drawMode":0,"name":"Shaded","section":"Shading Mode"},"sceneLighting":false,"audioPlay":false,"sceneViewState":{"m_AlwaysRefresh":false,"showFog":true,"showSkybox":false,"showFlares":true,"showImageEffects":true,"showParticleSystems":true,"showVisualEffectGraphs":true,"m_FxEnabled":true},"in2DMode":false,"pivot":{"x":-1.631035566329956,"y":1.4460623264312745,"z":-0.5712910890579224},"rotation":{"x":-0.04039744287729263,"y":-0.7232730388641357,"z":-0.043092258274555209,"w":0.6882420778274536},"size":2.6402530670166017,"orthographic":false}