{"cameraMode":{"drawMode":0,"name":"Shaded","section":"Shading Mode"},"sceneLighting":true,"audioPlay":false,"sceneViewState":{"m_AlwaysRefresh":false,"showFog":true,"showSkybox":false,"showFlares":true,"showImageEffects":true,"showParticleSystems":true,"showVisualEffectGraphs":true,"m_FxEnabled":true},"in2DMode":false,"pivot":{"x":4.269012451171875,"y":222.99998474121095,"z":3.4859619140625},"rotation":{"x":-0.001499938778579235,"y":-0.008999871090054512,"z":-0.000013499819942808244,"w":0.9999583959579468},"size":1488.0203857421875,"orthographic":false}