{"cameraMode":{"drawMode":0,"name":"Shaded","section":"Shading Mode"},"sceneLighting":false,"audioPlay":false,"sceneViewState":{"m_AlwaysRefresh":false,"showFog":true,"showSkybox":false,"showFlares":true,"showImageEffects":true,"showParticleSystems":true,"showVisualEffectGraphs":true,"m_FxEnabled":true},"in2DMode":false,"pivot":{"x":0.7158138751983643,"y":1.1920928955078126e-7,"z":4.108870506286621},"rotation":{"x":-0.16404977440834046,"y":0.07744593173265457,"z":-0.012920458801090718,"w":-0.9833223819732666},"size":0.8660253882408142,"orthographic":false}