{"cameraMode":{"drawMode":0,"name":"Shaded","section":"Shading Mode"},"sceneLighting":false,"audioPlay":false,"sceneViewState":{"m_AlwaysRefresh":false,"showFog":true,"showSkybox":false,"showFlares":true,"showImageEffects":true,"showParticleSystems":true,"showVisualEffectGraphs":true,"m_FxEnabled":true},"in2DMode":false,"pivot":{"x":0.11344254016876221,"y":1.2523994445800782,"z":4.485044479370117},"rotation":{"x":0.04940809682011604,"y":-0.6278278231620789,"z":0.03997994586825371,"w":0.7757624387741089},"size":1.2174783945083619,"orthographic":false}